{
    "name": "root",
    "gauges": {
        "bolaml.Policy.Entropy.mean": {
            "value": 1.3849130868911743,
            "min": 1.3814893960952759,
            "max": 1.423126459121704,
            "count": 41
        },
        "bolaml.Policy.Entropy.sum": {
            "value": 16618.95703125,
            "min": 16577.873046875,
            "max": 17077.517578125,
            "count": 41
        },
        "bolaml.Environment.EpisodeLength.mean": {
            "value": 799.0,
            "min": 799.0,
            "max": 799.0,
            "count": 41
        },
        "bolaml.Environment.EpisodeLength.sum": {
            "value": 11985.0,
            "min": 11985.0,
            "max": 11985.0,
            "count": 41
        },
        "bolaml.Step.mean": {
            "value": 491200.0,
            "min": 11200.0,
            "max": 491200.0,
            "count": 41
        },
        "bolaml.Step.sum": {
            "value": 491200.0,
            "min": 11200.0,
            "max": 491200.0,
            "count": 41
        },
        "bolaml.Policy.ExtrinsicValueEstimate.mean": {
            "value": -5.013788223266602,
            "min": -6.604279518127441,
            "max": 0.0,
            "count": 41
        },
        "bolaml.Policy.ExtrinsicValueEstimate.sum": {
            "value": -75.20682525634766,
            "min": -99.06419372558594,
            "max": 0.0,
            "count": 41
        },
        "bolaml.Environment.CumulativeReward.mean": {
            "value": -47.61000073750814,
            "min": -59.19000066121419,
            "max": -22.735713686261857,
            "count": 41
        },
        "bolaml.Environment.CumulativeReward.sum": {
            "value": -714.1500110626221,
            "min": -887.8500099182129,
            "max": -318.299991607666,
            "count": 41
        },
        "bolaml.Policy.ExtrinsicReward.mean": {
            "value": -47.61000073750814,
            "min": -59.19000066121419,
            "max": -22.735713686261857,
            "count": 41
        },
        "bolaml.Policy.ExtrinsicReward.sum": {
            "value": -714.1500110626221,
            "min": -887.8500099182129,
            "max": -318.299991607666,
            "count": 41
        },
        "bolaml.IsTraining.mean": {
            "value": 1.0,
            "min": 1.0,
            "max": 1.0,
            "count": 41
        },
        "bolaml.IsTraining.sum": {
            "value": 1.0,
            "min": 1.0,
            "max": 1.0,
            "count": 41
        },
        "bolaml.Losses.PolicyLoss.mean": {
            "value": 0.09736129394249778,
            "min": 0.0917589994554146,
            "max": 0.10497338136541658,
            "count": 38
        },
        "bolaml.Losses.PolicyLoss.sum": {
            "value": 0.09736129394249778,
            "min": 0.0917589994554146,
            "max": 0.10497338136541658,
            "count": 38
        },
        "bolaml.Losses.ValueLoss.mean": {
            "value": 4.612497154474259,
            "min": 4.612497154474259,
            "max": 34.41374875148137,
            "count": 38
        },
        "bolaml.Losses.ValueLoss.sum": {
            "value": 4.612497154474259,
            "min": 4.612497154474259,
            "max": 34.41374875148137,
            "count": 38
        },
        "bolaml.Policy.LearningRate.mean": {
            "value": 8.160097280000002e-06,
            "min": 8.160097280000002e-06,
            "max": 0.00029232000256,
            "count": 38
        },
        "bolaml.Policy.LearningRate.sum": {
            "value": 8.160097280000002e-06,
            "min": 8.160097280000002e-06,
            "max": 0.00029232000256,
            "count": 38
        },
        "bolaml.Policy.Epsilon.mean": {
            "value": 0.10272,
            "min": 0.10272,
            "max": 0.19744000000000003,
            "count": 38
        },
        "bolaml.Policy.Epsilon.sum": {
            "value": 0.10272,
            "min": 0.10272,
            "max": 0.19744000000000003,
            "count": 38
        },
        "bolaml.Policy.Beta.mean": {
            "value": 3.6928e-05,
            "min": 3.6928e-05,
            "max": 0.0009746560000000001,
            "count": 38
        },
        "bolaml.Policy.Beta.sum": {
            "value": 3.6928e-05,
            "min": 3.6928e-05,
            "max": 0.0009746560000000001,
            "count": 38
        }
    },
    "metadata": {
        "timer_format_version": "0.1.0",
        "start_time_seconds": "1698591440",
        "python_version": "3.9.18 (main, Sep 11 2023, 14:09:26) [MSC v.1916 64 bit (AMD64)]",
        "command_line_arguments": "C:\\Users\\Wilfr\\anaconda3\\envs\\cursoml02\\Scripts\\mlagents-learn trainer_config.yaml --force",
        "mlagents_version": "0.30.0",
        "mlagents_envs_version": "0.30.0",
        "communication_protocol_version": "1.5.0",
        "pytorch_version": "1.13.1+cu117",
        "numpy_version": "1.21.2",
        "end_time_seconds": "1698594739"
    },
    "total": 3298.8906961,
    "count": 1,
    "self": 0.013189799999963725,
    "children": {
        "run_training.setup": {
            "total": 0.058473100000000056,
            "count": 1,
            "self": 0.058473100000000056
        },
        "TrainerController.start_learning": {
            "total": 3298.8190332,
            "count": 1,
            "self": 5.242383999928734,
            "children": {
                "TrainerController._reset_env": {
                    "total": 13.473150400000002,
                    "count": 1,
                    "self": 13.473150400000002
                },
                "TrainerController.advance": {
                    "total": 3280.044989200071,
                    "count": 500800,
                    "self": 4.815270699910343,
                    "children": {
                        "env_step": {
                            "total": 2972.53728370006,
                            "count": 500800,
                            "self": 1224.2956714001264,
                            "children": {
                                "SubprocessEnvManager._take_step": {
                                    "total": 1744.8165270999211,
                                    "count": 500800,
                                    "self": 15.362679300032369,
                                    "children": {
                                        "TorchPolicy.evaluate": {
                                            "total": 1729.4538477998888,
                                            "count": 500800,
                                            "self": 1729.4538477998888
                                        }
                                    }
                                },
                                "workers": {
                                    "total": 3.4250852000125036,
                                    "count": 500800,
                                    "self": 0.0,
                                    "children": {
                                        "worker_root": {
                                            "total": 3280.1081294999713,
                                            "count": 500800,
                                            "is_parallel": true,
                                            "self": 2293.8846139999478,
                                            "children": {
                                                "steps_from_proto": {
                                                    "total": 0.007445099999999982,
                                                    "count": 1,
                                                    "is_parallel": true,
                                                    "self": 0.0020977000000019785,