{
    "name": "root",
    "gauges": {
        "bolaml.Policy.Entropy.mean": {
            "value": 1.392896294593811,
            "min": 1.38300621509552,
            "max": 1.4189382791519165,
            "count": 23
        },
        "bolaml.Policy.Entropy.sum": {
            "value": 16714.755859375,
            "min": 16596.07421875,
            "max": 17027.259765625,
            "count": 23
        },
        "bolaml.Environment.EpisodeLength.mean": {
            "value": 799.0,
            "min": 799.0,
            "max": 799.0,
            "count": 23
        },
        "bolaml.Environment.EpisodeLength.sum": {
            "value": 11985.0,
            "min": 11985.0,
            "max": 11985.0,
            "count": 23
        },
        "bolaml.Step.mean": {
            "value": 275200.0,
            "min": 11200.0,
            "max": 275200.0,
            "count": 23
        },
        "bolaml.Step.sum": {
            "value": 275200.0,
            "min": 11200.0,
            "max": 275200.0,
            "count": 23
        },
        "bolaml.Policy.ExtrinsicValueEstimate.mean": {
            "value": -3.0502536296844482,
            "min": -3.9156839847564697,
            "max": 0.0,
            "count": 23
        },
        "bolaml.Policy.ExtrinsicValueEstimate.sum": {
            "value": -45.75380325317383,
            "min": -58.735260009765625,
            "max": 0.0,
            "count": 23
        },
        "bolaml.Environment.CumulativeReward.mean": {
            "value": -26.023333009084066,
            "min": -39.90333366394043,
            "max": -5.923333867390951,
            "count": 23
        },
        "bolaml.Environment.CumulativeReward.sum": {
            "value": -390.349995136261,
            "min": -598.5500049591064,
            "max": -88.85000801086426,
            "count": 23
        },
        "bolaml.Policy.ExtrinsicReward.mean": {
            "value": -26.023333009084066,
            "min": -39.90333366394043,
            "max": -5.923333867390951,
            "count": 23
        },
        "bolaml.Policy.ExtrinsicReward.sum": {
            "value": -390.349995136261,
            "min": -598.5500049591064,
            "max": -88.85000801086426,
            "count": 23
        },
        "bolaml.IsTraining.mean": {
            "value": 1.0,
            "min": 1.0,
            "max": 1.0,
            "count": 23
        },
        "bolaml.IsTraining.sum": {
            "value": 1.0,
            "min": 1.0,
            "max": 1.0,
            "count": 23
        },
        "bolaml.Losses.PolicyLoss.mean": {
            "value": 0.09792987391846206,
            "min": 0.09394258048450865,
            "max": 0.10321867597139013,
            "count": 21
        },
        "bolaml.Losses.PolicyLoss.sum": {
            "value": 0.09792987391846206,
            "min": 0.09394258048450865,
            "max": 0.10321867597139013,
            "count": 21
        },
        "bolaml.Losses.ValueLoss.mean": {
            "value": 6.176126848459244,
            "min": 6.176126848459244,
            "max": 41.44690263112386,
            "count": 21
        },
        "bolaml.Losses.ValueLoss.sum": {
            "value": 6.176126848459244,
            "min": 6.176126848459244,
            "max": 41.44690263112386,
            "count": 21
        },
        "bolaml.Policy.LearningRate.mean": {
            "value": 0.00013872005376,
            "min": 0.00013872005376,
            "max": 0.00029232000256,
            "count": 21
        },
        "bolaml.Policy.LearningRate.sum": {
            "value": 0.00013872005376,
            "min": 0.00013872005376,
            "max": 0.00029232000256,
            "count": 21
        },
        "bolaml.Policy.Epsilon.mean": {
            "value": 0.14624,
            "min": 0.14624,
            "max": 0.19744000000000003,
            "count": 21
        },
        "bolaml.Policy.Epsilon.sum": {
            "value": 0.14624,
            "min": 0.14624,
            "max": 0.19744000000000003,
            "count": 21
        },
        "bolaml.Policy.Beta.mean": {
            "value": 0.00046777599999999993,
            "min": 0.00046777599999999993,
            "max": 0.0009746560000000001,
            "count": 21
        },
        "bolaml.Policy.Beta.sum": {
            "value": 0.00046777599999999993,
            "min": 0.00046777599999999993,
            "max": 0.0009746560000000001,
            "count": 21
        }
    },
    "metadata": {
        "timer_format_version": "0.1.0",
        "start_time_seconds": "1698441074",
        "python_version": "3.9.18 (main, Sep 11 2023, 14:09:26) [MSC v.1916 64 bit (AMD64)]",
        "command_line_arguments": "C:\\Users\\Alumno\\anaconda3\\envs\\cursoml02\\Scripts\\mlagents-learn trainer_config.yaml --force",
        "mlagents_version": "0.30.0",
        "mlagents_envs_version": "0.30.0",
        "communication_protocol_version": "1.5.0",
        "pytorch_version": "1.13.1+cu117",
        "numpy_version": "1.21.2",
        "end_time_seconds": "1698442847"
    },
    "total": 1773.3921619,
    "count": 1,
    "self": 0.0073515999997653125,
    "children": {
        "run_training.setup": {
            "total": 0.07797430000000016,
            "count": 1,
            "self": 0.07797430000000016
        },
        "TrainerController.start_learning": {
            "total": 1773.3068360000002,
            "count": 1,
            "self": 4.41400110004588,
            "children": {
                "TrainerController._reset_env": {
                    "total": 8.7036512,
                    "count": 1,
                    "self": 8.7036512
                },
                "TrainerController.advance": {
                    "total": 1760.0764247999543,
                    "count": 283651,
                    "self": 4.2395124998852225,
                    "children": {
                        "env_step": {
                            "total": 1621.2264302999995,
                            "count": 283651,
                            "self": 1268.575834499984,
                            "children": {
                                "SubprocessEnvManager._take_step": {
                                    "total": 349.69890420002116,
                                    "count": 283651,
                                    "self": 13.015962299977332,
                                    "children": {
                                        "TorchPolicy.evaluate": {
                                            "total": 336.68294190004383,
                                            "count": 283651,
                                            "self": 336.68294190004383
                                        }
                                    }
                                },
                                "workers": {
                                    "total": 2.951691599994451,
                                    "count": 283650,
                                    "self": 0.0,
                                    "children": {
                                        "worker_root": {
                                            "total": 1695.4153496999807,
                                            "count": 283650,
                                            "is_parallel": true,
                                            "self": 703.0374255999445,
                                            "children": {
                                                "steps_from_proto": {
                                                    "total": 0.00021319999999924732,
                                                    "count": 1,
                                                    "is_parallel": true,
                                                    "self": 0.00010829999999906192,